Comment,Sentiment,Time
"That's sad, the internet is full of copycats.

Edit: Pointed it out on the copycat's twitter thread, they blocked me and made the thread ""only accounts the poster mentions can reply"" - absolute clown behavior.

https://preview.redd.it/feas745jkudd1.png?width=830&format=png&auto=webp&s=1a1c3d141350ae3b02844399b01412e18c02eda1

We have shown them the power of reddit lol, they had to restrict the thread.",-0.6124,2024-07-21 07:45:45
OP plz respond to copycats on Twitter and post proof of your original post. Shame them and anyone following them will also call them out.,-0.128,2024-07-21 08:00:54
My original post :¬†[https://www.reddit.com/r/developersIndia/comments/1dyxf2a/just\_finished\_my\_virtual\_dress\_tryon\_chrome/](https://www.reddit.com/r/developersIndia/comments/1dyxf2a/just_finished_my_virtual_dress_tryon_chrome/),0.3182,2024-07-21 07:29:44
"Create your account on X and quote the post exposing her
this will also generate reach for you.",0.0258,2024-07-21 08:14:42
"I saw it on r/sideproject people were loving it so much, why didn't you launched it on different subreddits and product hunt to be the first one?",0.5469,2024-07-21 08:23:26
Have you considered putting a watermark with your social media handle on the video? It could help promote your content and protect it from unauthorized use.,0.7845,2024-07-21 08:31:58
Report to that subreddit mods,0.0,2024-07-21 07:52:25
"She apparently has limited who can comment. We should show her the power of reddit, she says she works as Microsoft intern I highly doubt that as well.

https://preview.redd.it/t6bq71kx7udd1.png?width=1080&format=pjpg&auto=webp&s=95c185e7693d624d4b88dd413dc1371f10df4722",-0.3804,2024-07-21 09:03:04
[deleted],0.0,2024-07-21 08:22:57
You put up the source code online?,0.0,2024-07-21 08:22:34
"That's so disheartening, commented on their post and liked your reply on x, Let's see if there's any reply from their side",-0.0754,2024-07-21 08:28:24
"Someone already made a link stating that she copied. Request everyone to repost this and comment to support OP.

https://twitter.com/Im_root_src/status/1814952012456644909?t=xsNvyXAQGicFweUAXX2K8w&s=19

OP you also comment on the post tagging this girl and also Microsoft. Rant out as hard as possible.",-0.0258,2024-07-21 09:22:02
She just turned off the comment section for others. What a way of hiding their wrong doings.,-0.6486,2024-07-21 09:06:04
That's rough! How did you handle the situation?,0.0,2024-07-21 08:12:56
"The person behind the kacccha_aam account is the fakest person I have seen.
That person is faking about interning at Microsoft. 
There's another person who was actually interning at Microsoft and he used to tweet about his daily work on parsing and stuff
This kacccha_aam person used to copy-paste all the content from this genuine person and post as theirs.",-0.4215,2024-07-21 10:18:58
"https://imgur.com/CDajneT https://imgur.com/FNWAdbG

Blocked me after asking to credit OP...",0.128,2024-07-21 09:24:16
[Here you go](https://x.com/samantara_d/status/1814938171139932512),0.0,2024-07-21 08:20:01
May i know more about how ur idea works,0.0,2024-07-21 08:44:50
Gl man I rated the community note hope it gets published and awesome work too,0.8519,2024-07-21 08:48:17
"Is there any way we can help or something 
Like report or something?",0.6369,2024-07-21 08:48:23
I think we all should debunk her at this point.,0.0,2024-07-21 08:58:42
Mango is actually a fake account,-0.4767,2024-07-21 09:54:23
Bro I've commented on your behalf.. don't worry bro,0.3412,2024-07-21 08:28:09
Fuck these bastards. If you can share that reddit user id along with that twitter user @ I will also comment and report from my end . BTW kudos for your project and I wish you all the best for your future ventures . Also from next time please watermark your videos/photos because it is quite disheartening to see idiots claiming the work of others as their own and people who deserve praise and support are left deprived.,0.7436,2024-07-21 08:49:27
"I told her that its not right, stealing someone's hardwork. That fucker just blocked me",-0.5271,2024-07-21 08:54:45
"If they have just copied your idea, then that‚Äôs how the world is. 

If they copied your code, then depends on what license you have added to your repo",0.0,2024-07-21 08:58:28
dude always put watermarks if your making more videos,0.0,2024-07-21 09:02:40
"How did u create this website bro, I mean using React or any other tech ?? don't worry I won't steal ur idea üòâ",0.3942,2024-07-21 09:11:01
Bro some other guy posted the same project in r/sideproject https://www.reddit.com/r/SideProject/s/M6vrLNFwVo,0.0,2024-07-21 09:42:56
"https://preview.redd.it/2nfhg1t0fudd1.jpeg?width=1080&format=pjpg&auto=webp&s=1b4ea46bc3c7810b96097a34994c73d1295b851a

I did my part OP.",0.0,2024-07-21 09:44:06
"https://preview.redd.it/yadkb1bjjudd1.jpeg?width=1125&format=pjpg&auto=webp&s=61a899e4780964200feb4e4516dfd52b19985a2e

Doing my part. Im not active on twittet but reported her post and sent a direct message. What a POS",-0.1603,2024-07-21 10:10:07
Man he/she is biggest copycat running x account I have ever seen,0.0,2024-07-21 10:12:17
"Proof:

Kacha aam's post - https://x.com/Kacccha_aam/status/1803396413935722677

Real post - https://www.reddit.com/r/IndianGaming/s/ZnpgWQmbvI

This is just 1 example, this account is just a pile of lies and copied images from unpopular places",-0.4215,2024-07-21 11:29:49
"https://preview.redd.it/vvvre8yiyudd1.png?width=752&format=png&auto=webp&s=53b70af24ba2c6c3b4a9b9ad5d680516bd7e89e2

Dude she blocked me lmao.",0.4215,2024-07-21 11:33:38
"Damn!, That little geeky girl is claiming she has been part of MICROSOFT...ü§Ø and now as microsoft laid her off, she will be joining NETFLIX soon, and based on this she's getting full load of likes and engagement, I think that's too much,",0.6989,2024-07-21 11:52:56
"She's a ""microsoft intern"" btw. Wonder how many copied projects it took to get hired",0.0,2024-07-21 12:18:01
"At first I thought I'll tag Microsoft on twitter to get a post going about accepting such an ""intern"" (one of its replied is abuse against that person's mom)... looking over few more posts, I realised..

More than half of the posts of that mango account is copied from Reddit and LinkedIn. It's some common troll and there's no point wasting time.

@OP - when you create something out of a good idea, don't just post it somewhere. Release it under some license, atleast an open source license. There are enough chindi chors to steal your stuff without shame... they were born to never evolve to fit a society.",-0.7789,2024-07-21 16:04:34
"She took down her post and blocked me, and she's going off like nothing happened [https://x.com/Kacccha\_aam.https://x.com/Kacccha\_aam](https://x.com/Kacccha_aam.https://x.com/Kacccha_aam)

https://preview.redd.it/eqo24g9y7udd1.png?width=846&format=png&auto=webp&s=0f7af85aaba1b119de12dae3998f8e615873018c",0.1027,2024-07-21 09:04:50
"Is there any way we can help or something 
Like report or something?",0.6369,2024-07-21 08:48:29
"Is there any way we can help or something 
Like report or something?",0.6369,2024-07-21 08:48:55
"Is there any way we can help or something 
Like report or something?",0.6369,2024-07-21 08:49:03
I Reported the post on X,0.0,2024-07-21 08:54:11
That's probably one person with multiple fake accounts for engagement. Is there anything one can do in this situation?,-0.0258,2024-07-21 09:21:36
Second one is cat fish account,0.0,2024-07-21 09:25:09
Did my part- https://x.com/_HimanshuJawla/status/1814955971115950508?t=_p49Y3w1ehcS-Ol58F3g6g&s=19,0.0,2024-07-21 09:30:36
She closed her comments and replies,0.0,2024-07-21 09:31:06
I think it's a spam account (Kaccha aam one),-0.3612,2024-07-21 09:31:11
"This is so sad, I have added a community note on her post regarding this and rated the previous note. Hopefully it will show up on that post.",-0.3163,2024-07-21 09:35:11
They have stopped replying on the post. Can we just report it now?,-0.2263,2024-07-21 09:36:14
Just make a legal notice and send it to hr and make sure you write in that you would include her employer too,0.4215,2024-07-21 09:36:48
that looks like a fake id/account to me,-0.1531,2024-07-21 09:41:45
"Just report to X stating copyright of work.
Threaten her. Gender differences are for the weak. Show here that you were raised in the hood.",-0.6705,2024-07-21 09:41:51
Gurji link Dena kapdey dekhengey,0.0,2024-07-21 09:42:29
It's sad to see such people taking credit of others work,-0.128,2024-07-21 09:43:24
"And OP please copyright your work before publishing to public. This is a major issue with freshers here. They are ready to even sell diamonds to just get that company tag and meme peanuts.

Know your worth.",0.6908,2024-07-21 09:47:02
dude these fake twitter girls are ruining everything,-0.6249,2024-07-21 09:53:01
"I quoted the post, if that helps.",0.3818,2024-07-21 09:53:17
A community note has been added. Everyone with community note privilege should rate it as helpful. I have done the same.,0.6486,2024-07-21 09:54:39
"Mango (kacha aam) is not a real account, they don't work at MSFT, they just pretend to be, I wish more people learnt this",0.3182,2024-07-21 09:56:16
I remember seeing your post on the indianfashionaddicts (or whatever the sub is),0.0,2024-07-21 09:58:33
https://preview.redd.it/a6190dimhudd1.png?width=1372&format=pjpg&auto=webp&s=188358f4c966261ee6f71e1880e60e704b6bf03d,0.0,2024-07-21 09:58:41
"Jo cheej copy ho sakti hain, vo copy hogi. No one can do anything about that",-0.296,2024-07-21 09:58:55
They can steal the honey but not the recipe to make,-0.2732,2024-07-21 10:04:09
"She even reposted a meme from JNT sub and censored name lmao , what a low lifer.",0.296,2024-07-21 10:04:10
"https://preview.redd.it/ye1kjkmhjudd1.jpeg?width=1080&format=pjpg&auto=webp&s=a2c4430e4d1417a42458ec065ce900dfcb7966e3

Its ironic how all the comments saying it's stolen are going straight under spam. I reported the post and account.",-0.6486,2024-07-21 10:05:23
How did they copy it? Is your project open-source?,0.0,2024-07-21 10:07:17
"avg devs - ours xD  
(it's normal to copy and learn but dk about claiming, I don't think these should be things to be proud of if entirely copied without any innovations)",0.7615,2024-07-21 10:10:09
i mean they can't explain that shit in an interview now can they,0.4449,2024-07-21 10:10:15
Bhai yeh jo twitter ka ss daala hai wo catfish account bhi hai,0.0,2024-07-21 10:14:44
"So sad man, it's fine u have the skill to  build new design, u can become better , copycat will will never succeed üëç",-0.3228,2024-07-21 10:17:24
Wtf these shitty ppl why do they do it üò∂,-0.8126,2024-07-21 10:17:46
Sab chor h sale.,0.0,2024-07-21 10:20:34
"Can anyone say , how they are taking the design, any one explain",0.0,2024-07-21 10:22:17
f\*ck them,0.0,2024-07-21 10:40:30
Why Is there no ipr for these kinds of issues,-0.296,2024-07-21 10:48:03
"Done my part. Others are welcome if they start reposting.
https://x.com/aadwaitkale/status/1814975340176982199?t=8i-OZvTA5AglK8VMzeIRQg&s=19",0.4588,2024-07-21 10:48:09
It's a fake account :),-0.0258,2024-07-21 10:49:25
They haven't actually made ot though isn't it? ... They copied your video that's it... I make projects but I just don't post them online much till they're completed... Its very few devs now who are technically very skilled and they are the ones suffering the most because everyone will just copy stuff fast,-0.631,2024-07-21 10:50:10
I plan to upload a video of my project Infact I wanted to today itself but now I'm scared how do I watermark it,-0.5927,2024-07-21 10:52:24
Dayum. They don't have source code or something right. Just send a message if they don't delete you will send a legal notice.,0.128,2024-07-21 10:55:33
The reason why I left chutter & came here ü§∑üèª‚Äç‚ôÇÔ∏è,0.0,2024-07-21 10:57:48
That's why think about how u can prevent copying before posting ur stuff publically,0.0258,2024-07-21 10:59:11
Nice. I had a similar idea last year but also added 3d models into it for 360¬∞. I dropped it though lol,0.6808,2024-07-21 11:01:03
Not sure but somehow I feel this Kaccha Aam is probably a guy. A lot easier to gain traction and sympathy with a girl profile.,0.9015,2024-07-21 11:08:26
commenting for more reach!,0.1742,2024-07-21 11:10:58
"On internet there are many people like them, when you create something they just copy your thing.",0.5574,2024-07-21 11:24:22
"""Imitation is the biggest form of flattery.""",0.0,2024-07-21 11:24:57
"That‚Äôs the problem with AI, get used to it",-0.4019,2024-07-21 11:40:37
"yeah, I remember your post. better make it public, the repo I mean.",0.6249,2024-07-21 12:17:28
Do not your ideas with strangers or public forums.,0.0,2024-07-21 12:56:54
"I just skimmed through ""her"" profile and I'm 100% sure it's a fake account. It's a guy who's pretending to be a chick who works at Microsoft, I'm pretty sure he scams innocent learners by asking for paid resume reviews.",0.4019,2024-07-21 13:01:26
"https://preview.redd.it/2bv8oj79fvdd1.jpeg?width=1080&format=pjpg&auto=webp&s=ffe0b6d49fd0f4a3f278bc1317ee7b4e62e62fb5

[https://x.com/sh17va/status/1795178312924266939?t=HAwSAvj1i9-TmYbzcWLFWA&s=19](https://x.com/sh17va/status/1795178312924266939?t=HAwSAvj1i9-TmYbzcWLFWA&s=19)",0.0,2024-07-21 13:07:10
"just report her for spam, every single post of hers is stolen of from reddit posts and that bio she has tho... she prolly will get it",-0.6908,2024-07-21 13:25:12
"I can't with these people, to think that there are people who go this low to gain traction, first copy pasting lc problem and posting about being consistent, and now literally stealing projects, what's next? Posting about founding someone else's company",-0.657,2024-07-21 13:28:37
is your repo public? Or did they recreate the design from scratch,0.0,2024-07-21 13:36:12
Was your project open source?,0.0,2024-07-21 13:37:49
"welcome to Indie hacker world, it's common to happen to good projects, lots of good indie hacker got their project copied, Jon Yongfook creator of BannerBear once told someone copied every single thing from his website, but all you can do is build new features, innovate and call them out publicly",0.8481,2024-07-21 13:43:08
"[https://x.com/Kacccha\_aam/status/1814890044118753403](https://x.com/Kacccha_aam/status/1814890044118753403)

all the people having community notes access, rate the notes so that it is visible to more people",0.0,2024-07-21 13:46:31
People suck.,-0.4404,2024-07-21 13:55:33
"can anyone get me a job , I am  a graduate ,did multiple advance courses on Management!

I beg anyone in world get me a job !!!?

I am in very pity condition ,Please help?",0.6484,2024-07-21 13:59:03
"I am resentful of such cheap copycaters, it's because of such mentality India isn't growing enough. Instead of copycat she could have promoted you, which would put more emphasis on innovation in the country, rather then copycating",0.2607,2024-07-21 14:10:41
"So, you made a trivial app and others said, ""cool idea,"" and wrote their own.

This seems like a good thing, no? Competition is going to improve the landscape for consumers.",0.7927,2024-07-21 14:27:05
"Lemme start with saying what these guys did is straight up wrong. Irrespective of whether you‚Äôre shitposting or nah, you don‚Äôt have the authority to steal others work and claim your own. So looked at ‚Äú@kacccha_aam‚Äù on X, this whole account is fake lmao. On May 27th, 2024 she mentions it‚Äôs her first day as an intern at Microsoft, but she also mentions in July of 2023 that she got laid off from Microsoft. And then she mentions she got an offer from Netflix right after she started her supposedly internship at MS. She‚Äôs using some random pics and posting as her own. Smh",-0.6486,2024-07-21 15:15:15
Mass report her account!,0.0,2024-07-21 15:38:46
"Lol same thing happened with me a while back as well

Dude just cloned the whole repo and changed the readme by adding his social accounts",0.5994,2024-07-21 16:03:23
"Ah~!!! I saw the this X posting today.

Omgüò±",0.0,2024-07-21 16:33:07
"India is a land of thieves. They allow and normalised corruption everwhere. The person who copied will be hailed than the original, as he makes money without hard work nor creativity.",-0.0227,2024-07-21 16:34:47
"WTH! Sorry to hear this, man. I guess the video has been removed now. It's a fake account. Look at this. [https://x.com/sh17va/status/1795178312924266939](https://x.com/sh17va/status/1795178312924266939) . By the way, thanks for accepting my connection on LinkedIn.",-0.5147,2024-07-21 17:30:59
"I built similar app but for shopify, without knowing you exist. will you blame me for copying as well? it's open source model, it takes only a day to build a wrapper around it. all the heavy lifting is done by researcher who built the model and you are crying over someone else who used that model",-0.6808,2024-07-21 17:58:42
"Bro I commented on your behalf in her twitter, tagging Microsoft too. She deleted her tweets and her claim that she made this project.¬†


You keep improving your build projects bro....",0.4215,2024-07-21 18:00:17
Now let Amazon copy this and all of us can forget about any of the other versions ultimately,-0.0516,2024-07-21 19:09:50
Where do I find more about this extension or its name ?,0.0,2024-07-21 20:02:13
How can I use your project ? Loved the idea,0.5994,2024-07-21 20:04:46
"It‚Äôs a fake account. The pfp is of a fashion influencer that goes by the name Riddhi i guess, dont remember but it‚Äôs not a real person",-0.2617,2024-07-21 20:24:22
"Is there any copyright platform or like patent company to have exclusive rights to such applications? Uber - Ola, Amazon - Flipkart. Just saying",0.6096,2024-07-21 20:42:17
"Concept or Idea doesn't have copyrights. Only your code can be copyrighted. Otherwise, every product owner would be a monopoly business. OpenAI was the first AI company (As far as I know). Within a year, Microsoft, Google, XYZ, etc. came with AI products. Tesla cannot claim that they can be the only EV car company in the world (BYD has more market shared than Tesla globally).

  
Learn to secure your code and improve your product functionality.",0.7893,2024-07-21 21:07:18
how can we get rid of this copy cats lol,0.4215,2024-07-21 22:11:47
"Is it a browser extension? Lesson learned, keep your code in the cloud, out of reach. They can copy the design, not the code.",0.0258,2024-07-22 02:01:48
"Ideas are near worthless. 
> let me try in other words: build a spaceship that takes you across the world in seconds safely. 

Only execution matters!",0.1759,2024-07-22 03:28:53
"Im using images from unsplash.com with proper credits in readme file thats fine right?
Also images of pinterest are not free to use if im right.
Where do i find free images for  web apps?",-0.3536,2024-07-22 05:08:53
This is not your own bro.  This has been around for weeks now,0.0,2024-07-22 08:10:55
Learning in public ü§°ü§°ü§°ü§°,0.0,2024-07-23 05:28:48
Let's spam her twitter posts with comments,-0.3612,2024-07-21 09:13:28
"Is she fr ?

https://preview.redd.it/u3xn9klfavdd1.png?width=1080&format=pjpg&auto=webp&s=d897ad34eb880adfd14e4448dcfe8d0a520830eb",0.0,2024-07-21 12:40:10
[deleted],0.0,2024-07-21 07:53:03
Please give link to app and codebase so I can copy too.,0.3182,2024-07-21 09:03:27
"Idea is cheap. Execution is the key. Unless you can execute better than the ‚Äúcopycats‚Äù, you will lose.",0.0516,2024-07-21 09:35:51
"It's okay to copy if you learn from it, but posting it and claiming it as your own without adding value to my original design or idea is not cool.",-0.1523,2024-07-21 07:47:08
instead of commenting add community note,0.0,2024-07-21 12:31:10
massive Ws to you for posting about it,0.0,2024-07-21 12:16:17
COOL,0.3182,2024-07-21 19:42:21
"Yeah, I am commenting to the replies in her post.  
  
[https://x.com/Kacccha\_aam/status/1814890044118753403](https://x.com/Kacccha_aam/status/1814890044118753403)",0.296,2024-07-21 08:01:45
I think you also added your project in r/SideProject too. I just know cause I made my post in it and saw your post in hot topics. So can support you with this as well,0.6222,2024-07-21 09:38:38
"Dude, i saw something like that months ago",0.3612,2024-07-21 11:41:08
I already did : [https://x.com/rooben\_me/status/1814920995326582827](https://x.com/rooben_me/status/1814920995326582827),0.0,2024-07-21 08:17:42
unfortunately it will also create views for the thief as well.,-0.3818,2024-07-21 09:28:13
bruh everything she posts there is stolen from reddit wtf,-0.7906,2024-07-21 17:37:55
It literally had my face in it.üòÇ,0.0,2024-07-21 08:32:59
"I already did, they didn't respond",0.0,2024-07-21 08:12:06
"Yeah, bro, she blocked me too. Now we can't do anything.",0.0258,2024-07-21 09:05:41
Can I get the full name of the girl? if it's there?,0.0,2024-07-21 12:34:26
[deleted],0.0,2024-07-21 08:40:23
They stole the idea not source code,0.0,2024-07-21 08:27:49
Thanks,0.4404,2024-07-21 08:34:23
"Thank you for linking the post bro, I commented on it.",0.3612,2024-07-21 09:24:16
"I just saw the screenshot you put in that post, the post below about tier3 colleges is also copied xD.

The blatant audacity.",0.5859,2024-07-21 12:57:43
yeah She blocked me and turned off replies,0.0258,2024-07-21 09:15:03
I really didn't. it's my first time in this kind of situation.,0.0,2024-07-21 08:18:47
she blocked me too,-0.2732,2024-07-21 09:24:35
"[https://www.linkedin.com/posts/rooben-me\_ux-ui-onlineshopping-activity-7216194535830249472-9Kfu/](https://www.linkedin.com/posts/rooben-me_ux-ui-onlineshopping-activity-7216194535830249472-9Kfu/)

This is the video I made",0.0,2024-07-21 08:45:21
"The guy who copied my design is claiming that I copied my design from some other place :  
[https://www.reddit.com/r/StableDiffusion/comments/1e8gter/comment/le79nm7/?context=3](https://www.reddit.com/r/StableDiffusion/comments/1e8gter/comment/le79nm7/?context=3)",0.0,2024-07-21 08:49:49
"She blocked me and taken down her post. 

[https://x.com/Kacccha\_aam](https://x.com/Kacccha_aam)",-0.2732,2024-07-21 09:03:34
Thanks bro,0.4404,2024-07-21 08:40:45
Bro I have my own picture on the video,0.0,2024-07-21 08:51:06
"He is telling I copied my design from this app :

[https://www.reddit.com/r/StableDiffusion/comments/1e8gter/comment/le79nm7/?context=3](https://www.reddit.com/r/StableDiffusion/comments/1e8gter/comment/le79nm7/?context=3)

This is my original design  :  
[https://www.linkedin.com/posts/rooben-me\_ux-ui-onlineshopping-activity-7216194535830249472-9Kfu/](https://www.linkedin.com/posts/rooben-me_ux-ui-onlineshopping-activity-7216194535830249472-9Kfu/)",0.3939,2024-07-21 08:50:49
This is another one person who just posted my video : [https://x.com/rooben\_me/status/1814920995326582827](https://x.com/rooben_me/status/1814920995326582827),0.0,2024-07-21 08:51:49
"yeah bro and he is telling this :

https://preview.redd.it/9e5mmz3cmudd1.png?width=1352&format=png&auto=webp&s=c82be1fbb6794b493f727d5ba711c54441b86dc7

[https://www.reddit.com/r/StableDiffusion/comments/1e8gter/comment/le7hkig/?context=3](https://www.reddit.com/r/StableDiffusion/comments/1e8gter/comment/le7hkig/?context=3)",0.4098,2024-07-21 10:25:10
It‚Äôs a fake account. Pfp is of an Instagram influencer.,-0.4767,2024-07-21 20:27:05
"What's even her end goal here? She claims to have ""cracked"" microsoft, without going to IIT as per her, posting screenshots of receiving various amounts of money... like what even is she doing? Some sort of MLM or selling her course or something? Or just ripping companies off by stealing others work? Either ways it's not gonna last very long. 

Someone please report her to whatever fang companies she claims to have gotten money/gigs/whatever from. 

BTW that's why I never opensource any of my shit. Github has free private repos. Keep two: one private and one public for contributions (issues/discussions). Or at least separate your core functionality private and opensource just the UX/UI. 

Dumbasses like these at least get caught red handed, clever people steal your stuff and sell it for profit to unsuspecting customers quietly.",0.421,2024-07-21 10:44:18
"Thanks, she taken down the post and blocked me",0.2023,2024-07-21 08:59:57
maybe its a fake account.,-0.4767,2024-07-21 09:22:47
"The first person is telling this, [https://www.reddit.com/r/StableDiffusion/comments/1e8gter/on\_the\_same\_day\_two\_people\_stole\_my\_design\_and/](https://www.reddit.com/r/StableDiffusion/comments/1e8gter/on_the_same_day_two_people_stole_my_design_and/)

https://preview.redd.it/br9lc7r0cudd1.png?width=1552&format=png&auto=webp&s=34b49d14e1a231f62fe584097f743cc634155d0c",0.0,2024-07-21 09:28:21
Thanks bro,0.4404,2024-07-21 09:31:55
"yeah, we cannot do anything",0.296,2024-07-21 09:31:46
Thanks bro,0.4404,2024-07-21 09:56:19
Explains the Indian Tech Twitter environment.,0.0,2024-07-21 10:13:53
https://preview.redd.it/ok7t0tpsrudd1.png?width=1919&format=png&auto=webp&s=ba6312c843c5bd9d8c90baf1193a05db5e0228ac,0.0,2024-07-21 10:55:43
Maybe you can add your name or your social in the video,0.0,2024-07-21 10:56:47
"Yeah bro , Thankyou",0.296,2024-07-21 17:51:28
Thank you bro,0.3612,2024-07-21 18:18:59
Can you see her post ?,0.0,2024-07-21 09:19:11
"https://preview.redd.it/crx5jan1fvdd1.png?width=1080&format=pjpg&auto=webp&s=b49620369b39460aee85887d5c75cd0630af3ed3

what a fucking scammer",0.0,2024-07-21 13:06:01
but how could we copyright a design,0.0,2024-07-21 08:02:37
What do you mean by copyright in this context? Putting a license should be enough.,0.0,2024-07-21 08:06:32
"Copycats are ok, but its like complete design ripoff :

[https://www.reddit.com/r/StableDiffusion/comments/1e7ltua/i\_made\_a\_chrome\_extension\_to\_wear\_clothes\_from/](https://www.reddit.com/r/StableDiffusion/comments/1e7ltua/i_made_a_chrome_extension_to_wear_clothes_from/)",0.5927,2024-07-21 09:41:21
I agree. I'm really sorry that you had to face this :(,-0.3544,2024-07-21 07:51:49
Holy shit! They staight up posted your video.,-0.5983,2024-07-21 08:34:04
"Did you know about the air canvas. It's been 4yr still I still saw many LinkedIn post claiming they created that python project. I know the creator, so I just tagged his GitHub. No my comments were down on LinkedIn. 

Even I get hate and DM like I'm I male and I can't see a female in tech üôÉ. I also commented on claims made by male.",-0.34,2024-07-21 09:49:40
Can't we mass comment on it so that they don't have any choice but gives credit?,0.5267,2024-07-21 10:45:17
they cant copy your Creativity,-0.2924,2024-07-21 09:48:50
I think there was a quote by tesla - I am not afraid that they will steal my idea but afraid that they can't have their own something like that .,0.2846,2024-07-21 11:44:50
Bhai thoda bata sakta h ye project kese banaya tha in steps ki kya stack use kia konse platform pr banaya kyuki mere competitve programming itta ho gya h ki koi bhi technical round nikal jaega bt interview mai batane ke liye ek bhi acha project hi nahi h,-0.6369,2024-07-22 06:04:54
How to do it,0.0,2024-07-23 04:13:43
"Plz make it more clear. Something like

""This is directly stolen from my post on Reddit. 
Proof : LINK TO POST. 
Shame on you @Kacccha_aam""",-0.0883,2024-07-21 08:05:27
"Lol, she's an iNcoMinG intern at MSFT",0.4215,2024-07-21 08:36:05
"Lol she has limited her replies.

Threaten her with legal action and copyright strike her tweet",-0.1779,2024-07-21 09:09:12
Its being taken down as Kacccha\_chor blocks us.... Report for impersonation,-0.2263,2024-07-21 09:26:16
Catfish account ig?,0.0,2024-07-21 11:44:56
Add a community note,0.0,2024-07-21 13:49:39
"u/ Zestyclose_Score4262 has posted it on that subreddit as he made it, with the same video. Then in the comments mentioned the creator subtly when someone asked. Now people are suggesting him to monetize this and he is 'thinking' about it apparently.",0.0,2024-07-21 12:48:19
"Create another detailed post and add the link to her post and also attach the screenshotted version of it.

https://preview.redd.it/rteomp01audd1.png?width=1084&format=pjpg&auto=webp&s=5df36db21370a5ef27e49001c5fda3230ea36e2a",0.2732,2024-07-21 09:16:06
I can't view your image. You've kept it followers only?,0.0,2024-07-21 08:57:03
"I reported that post as inciting hate :-) If enough people do it, it will be deleted.",-0.34,2024-07-21 09:21:43
I am at a loss for words.,-0.3182,2024-07-21 08:51:07
Tag Elon and see what happens.¬†,0.0,2024-07-21 09:33:35
"You were thinking of monetizing it? 

If so, the idea should also not have been shared online.

If it was meant to be a free extension, make your money off ads. 

Good ideas are copied over. Its a reality. It happens. It just shows how good your ideas are. 

Think of all the good ideas we use today have multiple people implementing them. That's competition. And its a good thing.",0.9163,2024-07-21 08:35:25
"Bruhh, Seems like they restricted the post",-0.0258,2024-07-21 09:51:50
"The post is still there, she is hiding the real comments and restricting the replies.",-0.5859,2024-07-21 09:05:15
"ü§£ü§£

https://preview.redd.it/jtk566p6ludd1.jpeg?width=1080&format=pjpg&auto=webp&s=0c54f8de5448d2f6e583b7445949c99e54d8e302",0.0,2024-07-21 10:18:38
"brother all youre doing is using [**IDM-VTON**](https://github.com/yisol/IDM-VTON)**,** its nothing you actually built, maybe reduce your ego a bit",0.0,2024-07-22 05:52:11
"Nope I can see the post. 
Also those accounts who are linking the reddit link in the reply are showing as probable spam.",-0.3612,2024-07-21 09:30:02
"It is a fake account who steals other works and take credit,  they don't even work at Microsoft that post is a stolen pic as well",-0.7096,2024-07-21 11:33:41
Yes it is visible though she turned off comments on it,0.4019,2024-07-21 09:24:20
HAHAHAHAHHAHAHA,0.0,2024-07-22 05:11:58
"https://copyright.gov.in/frmfeedetailsshow.aspx

Government copyright work give you protection in world wide (thx to berne convention)


Designs come under Artistic work

Source code come under literary work


Hire a Lawyer/attorney so they can file your copyright

Design copy right is most important 

U can ignore source code copyright (if it is not open source)

Also copyright protect your Design or source 

It wont protect your ideas ,for this patent is there",0.5468,2024-07-21 08:11:07
So he/she can give Legal notice to copy cats and Take down posts,0.128,2024-07-21 08:07:38
"At least I am famous now, many people are copying me. haha",0.4588,2024-07-21 07:54:16
Yeah,0.296,2024-07-21 08:34:44
that's sad bro,-0.4767,2024-07-21 09:50:52
I got blocked as well after I replied,0.0,2024-07-21 11:41:22
"that's true, someone from the stable diffusion reddit said the same thing

https://preview.redd.it/5xe3t9c3gudd1.png?width=1556&format=png&auto=webp&s=edebe8a9f773bf8a80c1f5d73cd67213a0ef049e",0.6124,2024-07-21 09:50:06
true that,0.4215,2024-07-21 22:09:11
You should leave a DM saying I am sharing these proofs with the Microsoft team. Leave it as an open threat.,-0.25,2024-07-21 09:08:44
I wouldn't believe it,0.0,2024-07-21 08:39:01
Also she is joining Netflix ü§£,0.0,2024-07-21 11:03:09
No it's a fake account,-0.6486,2024-07-21 09:54:46
Its a shitposting account.,0.0,2024-07-22 11:51:44
I also did that. Dont worry bro we are with you. Just exposed her/him.,0.2746,2024-07-21 10:56:41
"https://preview.redd.it/dqlkw94v6udd1.png?width=1190&format=png&auto=webp&s=e6abacef298df709a7e0afaeb2ec21d382796727

But blocked me",-0.3919,2024-07-21 08:58:25
She taken down the post I think or made it private,0.0,2024-07-21 08:58:06
"competition are ok, but copying someone's design or ideas without crediting them is not a good practice, and I'm not sure that it will lead to improvement.",-0.1576,2024-07-21 08:42:57
its so sad,-0.5256,2024-07-21 09:06:41
"ouch, sad",-0.4767,2024-07-21 09:31:29
"Oh, I didn't know this, thank you - I'll check it.",0.4357,2024-07-21 08:11:47
Let me copy your development skills,0.0,2024-07-21 10:25:19
"Yeah thanks for mentioning that, you can copy to learn but posting and promoting it as your own is a scam.",-0.0644,2024-07-22 09:26:55
Spend some money on a lawyer and send them notices. Then post the notices publicly.,0.0,2024-07-21 11:08:33
Mass report? Something we need to do or else it could happen to one of us in future,0.0,2024-07-21 21:03:16
"Looks like she is marking those comments as spam and are not visible in comments directly until you click show probable spams, please avoid using link in the message.",0.0258,2024-07-21 08:58:28
"Something is really off, the top pic that's posted on the account is take from reddit lol. There's even a post (I got a job of 3cr, thanks saumyasingh), then there's even a post saying that Microsoft laid her off?",0.7759,2024-07-21 10:05:29
This account has to be fake. The girl in the image is a makeup/fashion instagram influencer.,-0.4767,2024-07-21 10:15:33
Same xD,0.5859,2024-07-21 10:11:41
"She did not take down the post, it is still there.",0.0,2024-07-21 09:06:35
"She restricted the comments probably, I can‚Äôt comment¬†",-0.3818,2024-07-21 09:31:51
Her latest post says she joined Netflix (seems fake) but u can search her on LinkedIn and tag Netflix that she is a idea theif. Netflix being a OTT company should take action.,0.0,2024-07-21 11:00:59
"Nope. It only worsens with population. 

There would be no need for copyright laws etc if people would behave properly. 

Don't worry about it. Keep building new things. Stay ahead of the competition. Protect your IP.",0.6553,2024-07-21 09:07:45
Didn't she repost your entire demonstration video that blatantly has your face in it? I think that goes a bit beyond than just copying the concept. Nuts.,-0.2263,2024-07-21 09:44:00
"I think she turned off comments lol? What does ""accounts at @kachcha_am mentioned can reply?""",0.4871,2024-07-21 09:04:03
Then don't comment on her post. Repost it.,0.0,2024-07-23 03:18:27
"It's all fake, we don't know if it's a he or she, I read on twitter that the post where mango mentioned I got a job at Microsoft was a fake picture:/",-0.7351,2024-07-21 11:22:18
It's a guy impersonating a girl. Read his profile replies.,0.0,2024-07-21 10:43:50
"Yeah, i asked them for the repo link and haven't seen a message about it, they literally copy + pasted OP's work with OPs face on it lmao üò≠ one has to be really insecure of their own work to claim other's projects as theirs",0.4601,2024-07-21 10:00:16
Thanks,0.4404,2024-07-21 09:14:23
