Comment,Sentiment,Time,Sentiment_Category,Cleaned_Comment
Poor captaincy and fielding from India. Congratulations Sri Lanka that was a great game.,0.7096,2024-07-28 12:48:59,Positive,poor captaincy and fielding from india. congratulations sri lanka that was a great game.
"TheirÂ highest chase in the format. What a game! Great scenes.

Thought CAâ€™s wicket was the end, but Samarawickrama turned gears perfectly, and was very well supported by Dilhari.",0.9442,2024-07-28 12:46:02,Positive,"theirÂ highest chase in the format. what a game! great scenes.

thought caâ€™s wicket was the end, but samarawickrama turned gears perfectly, and was very well supported by dilhari."
"Terrible batting salvaged by Sri Lanka's poor fielding. Imagine if Smriti hadnâ€™t been dropped! The bowling was worse, and let's not even talk abou the fielding. Overall, Awful all round.

Congrats SL! Deserved winners. Great for women's cricket there.",-0.3147,2024-07-28 12:55:32,Negative,"terrible batting salvaged by sri lanka's poor fielding. imagine if smriti hadnâ€™t been dropped! the bowling was worse, and let's not even talk abou the fielding. overall, awful all round.

congrats sl! deserved winners. great for women's cricket there."
"Made India look the mediocre T20 side they are.

And not just the *Chamari* show today.

Insane hitting and running by *Samarawickrama* and *Dilhari* at the end to win Sri Lanka their first Asia Cup.",0.2732,2024-07-28 12:46:17,Positive,"made india look the mediocre t20 side they are.

and not just the *chamari* show today.

insane hitting and running by *samarawickrama* and *dilhari* at the end to win sri lanka their first asia cup."
Harshitha - Clutch Player.,0.0,2024-07-28 13:03:22,Neutral,harshitha - clutch player.
Typical sub-continent behavior in comments. Lost a game & asking for heads has started! India is still a better team than SL. The SL ladies played their heart out & were better today. Indian team as well as their fans should take this defeat in their stride & learn to be better than this. The team should use it as a fuel in T20 WC (just how Aussies did when they lost a group match with us in 2020 WC).,0.6588,2024-07-28 13:09:06,Positive,typical sub-continent behavior in comments. lost a game & asking for heads has started! india is still a better team than sl. the sl ladies played their heart out & were better today. indian team as well as their fans should take this defeat in their stride & learn to be better than this. the team should use it as a fuel in t20 wc (just how aussies did when they lost a group match with us in 2020 wc).
Amazing Game. Well Deserved Win.,0.8658,2024-07-28 12:45:15,Positive,amazing game. well deserved win.
"Congratulations to Sri Lanka! They've been a rising team in last year or so. First with England series and now this. This must do wonders to their self belief. Especially winning without Chamari being the sole show. WC In Bangladesh will be exciting for them. 

And so happy for Chamari !",0.9525,2024-07-28 13:05:19,Positive,"congratulations to sri lanka! they've been a rising team in last year or so. first with england series and now this. this must do wonders to their self belief. especially winning without chamari being the sole show. wc in bangladesh will be exciting for them. 

and so happy for chamari !"
"Congratulations to Sri Lanka, They played brilliantly. After Chamari got out with some 70 odd needed, I thought Lankans were done. But Harshitha and Kavisha batted brilliantly. Deserving winners. Wake up call for team India. Also our girls continue the men's tradition of choking in the finals.",0.8922,2024-07-28 13:37:08,Positive,"congratulations to sri lanka, they played brilliantly. after chamari got out with some 70 odd needed, i thought lankans were done. but harshitha and kavisha batted brilliantly. deserving winners. wake up call for team india. also our girls continue the men's tradition of choking in the finals."
"India need a leadership change and they need it ASAP. Harman is the first Indian womenâ€™s captain to lose two Asia Cups, and with all the resources you get (compared to other Asian teams) if you canâ€™t win, youâ€™re probably not a good leader.",-0.0788,2024-07-28 12:55:56,Negative,"india need a leadership change and they need it asap. harman is the first indian womenâ€™s captain to lose two asia cups, and with all the resources you get (compared to other asian teams) if you canâ€™t win, youâ€™re probably not a good leader."
Very much deserved. India needs to build a strong bowling lineup for the world cup because today was so bad oh my goddd,-0.294,2024-07-28 12:51:36,Negative,very much deserved. india needs to build a strong bowling lineup for the world cup because today was so bad oh my goddd
Amazing win and really nice for Chamari to get a trophy given how good she has been for so long,0.9273,2024-07-28 13:06:05,Positive,amazing win and really nice for chamari to get a trophy given how good she has been for so long
Well deserved victory for SL. Now Group A of the WC looks even more interesting,0.624,2024-07-28 13:33:49,Positive,well deserved victory for sl. now group a of the wc looks even more interesting
With some domination too. 8 wick in hand and a over to spare.  Completely outplayed ind. Some absolute key lessons for ind before WC. Congratulations SL team what an performance. It been some time this sl women team is putting these kind of performance and this victory came at absolute right time to elevate their status and confidence. Special mention to Chamari what an player what an leader.,0.9169,2024-07-28 13:03:57,Positive,with some domination too. 8 wick in hand and a over to spare.  completely outplayed ind. some absolute key lessons for ind before wc. congratulations sl team what an performance. it been some time this sl women team is putting these kind of performance and this victory came at absolute right time to elevate their status and confidence. special mention to chamari what an player what an leader.
"What a game. What a finish... Both the the semi-final and Finals involving Sri-Lanka have been classics.

Finally Sri Lanka are Asia Cup Champions. Chamari is a Champion. Harshita didn't let her fielding bloopers affect her batting. Loved the carnival atmosphere at SL's games, the music , the live bands, the dancing, so many young girls, moms, grandmas smiling and cheering in the stands. What a sight to see. Hope this win inspires more fan support for Sri Lankan women's cricket and family support for more girls to take up the game.

Well played India. You were brilliant throughout the tournament. But in sport anyone can have a bad day and today was one of those days. Those calling for Harman's head need to take a chill pill.",0.9483,2024-07-28 22:26:29,Positive,"what a game. what a finish... both the the semi-final and finals involving sri-lanka have been classics.

finally sri lanka are asia cup champions. chamari is a champion. harshita didn't let her fielding bloopers affect her batting. loved the carnival atmosphere at sl's games, the music , the live bands, the dancing, so many young girls, moms, grandmas smiling and cheering in the stands. what a sight to see. hope this win inspires more fan support for sri lankan women's cricket and family support for more girls to take up the game.

well played india. you were brilliant throughout the tournament. but in sport anyone can have a bad day and today was one of those days. those calling for harman's head need to take a chill pill."
Dilhari's celebration photo has to be Cricket Photo of the Year. Chills,0.0,2024-07-29 00:27:30,Neutral,dilhari's celebration photo has to be cricket photo of the year. chills
I've been saying this for months. This Sri Lankan team has a very real chance of knocking out India/Australia in the upcoming T20 WC. The crowd played the perfect 12th man! Kudos to them for showing up in large numbers. This might be 2017 India version for them.,0.8994,2024-07-28 12:57:27,Positive,i've been saying this for months. this sri lankan team has a very real chance of knocking out india/australia in the upcoming t20 wc. the crowd played the perfect 12th man! kudos to them for showing up in large numbers. this might be 2017 india version for them.
[removed],0.0,2024-07-28 14:16:05,Neutral,[removed]
Future captain as well!,0.3382,2024-07-28 13:03:55,Positive,future captain as well!
"Respectfully, if not here, we were going to be handed a reality check at the World Cup anyways. And if youâ€™re still defending Harman and her very very questionable leadership, I have no words.",-0.3119,2024-07-28 13:13:08,Negative,"respectfully, if not here, we were going to be handed a reality check at the world cup anyways. and if youâ€™re still defending harman and her very very questionable leadership, i have no words."
"You can take it in stride when it's two equals.

With all due respect to SL, India has had better resources at their disposal. They play a lot more cricket and have a lot more exposure. Nothing less than winning the tournament was acceptable. 

Losing 2 out of 3 editions is serious imo. 

Harmanpreets stats in T20 are poor, her temperament is poorer. 
Her technique is questionable. Sweeps everything in sight. Does she not have any other shot. It's painful to watch. She doesn't even bowl anymore. Does she really warrant a place in this side ? I think no. She's playing on her reputation here. 

 Good reality check though. Agreed.",-0.2192,2024-07-28 13:28:14,Negative,"you can take it in stride when it's two equals.

with all due respect to sl, india has had better resources at their disposal. they play a lot more cricket and have a lot more exposure. nothing less than winning the tournament was acceptable. 

losing 2 out of 3 editions is serious imo. 

harmanpreets stats in t20 are poor, her temperament is poorer. 
her technique is questionable. sweeps everything in sight. does she not have any other shot. it's painful to watch. she doesn't even bowl anymore. does she really warrant a place in this side ? i think no. she's playing on her reputation here. 

 good reality check though. agreed."
"By her individual contribution she can't even be a guaranteed spot. 
She has actually become exactly what she wanted Mithali out for. Outdated for the game. 
Hope she realises it and steps down herself.",0.4404,2024-07-28 13:02:21,Positive,"by her individual contribution she can't even be a guaranteed spot. 
she has actually become exactly what she wanted mithali out for. outdated for the game. 
hope she realises it and steps down herself."
"That won't happen until atleast after the 2025 ODI World Cup in India next year.

She has been part of every T20 and ODI World Cup squad since 2009.

Two more chances with the T20 WC in Bangladesh this year and ODI WC next year at home.

Then everybody from the captain to the coach to the selection committee's term are over.",0.2716,2024-07-28 13:05:14,Positive,"that won't happen until atleast after the 2025 odi world cup in india next year.

she has been part of every t20 and odi world cup squad since 2009.

two more chances with the t20 wc in bangladesh this year and odi wc next year at home.

then everybody from the captain to the coach to the selection committee's term are over."
"I think this loss will gonna be a humble down indian women team, especially in Asia cups.
The very absolute reason why we always choke against Australia women in Icc tournaments is because of our trash fielding.Just look at their fielding standards and ours very much big difference.In this match against srilanka our fielding was let down thus given an opportunity to Srilanka to snatch the match from our hands.",-0.4588,2024-07-28 12:57:43,Negative,"i think this loss will gonna be a humble down indian women team, especially in asia cups.
the very absolute reason why we always choke against australia women in icc tournaments is because of our trash fielding.just look at their fielding standards and ours very much big difference.in this match against srilanka our fielding was let down thus given an opportunity to srilanka to snatch the match from our hands."
"Suddenly, NZ become the weakest side in that group. Pakistan ran SL close in semis & they are a bit unpredictable like their men's side. They even defeated NZ away (2-1) in T20s last year in Dec. It's still 2 months away, let's see...",-0.5994,2024-07-28 13:42:47,Negative,"suddenly, nz become the weakest side in that group. pakistan ran sl close in semis & they are a bit unpredictable like their men's side. they even defeated nz away (2-1) in t20s last year in dec. it's still 2 months away, let's see..."
High chance they beat England due to spin being our kryptonite,0.25,2024-07-28 13:12:34,Positive,high chance they beat england due to spin being our kryptonite
Before Australian they have the highest probability to knock out England in the upcoming T20WC.,0.0,2024-07-28 18:33:38,Neutral,before australian they have the highest probability to knock out england in the upcoming t20wc.
"Since the last Asia Cup win,

India have lost 4-1 to AUS at home, 2-1 to ENG at home, 2-1 to AUS at home again, drew 1-1 to SA at home, lost a tri-series final to SA, lost T20 WC semis to AUS and lost the final to SL today.

They have only won against Bangladesh 2-1 and 5-0 in T20Is during the time period.

So yeah, thoroughly mediocre.",0.4201,2024-07-28 14:28:08,Positive,"since the last asia cup win,

india have lost 4-1 to aus at home, 2-1 to eng at home, 2-1 to aus at home again, drew 1-1 to sa at home, lost a tri-series final to sa, lost t20 wc semis to aus and lost the final to sl today.

they have only won against bangladesh 2-1 and 5-0 in t20is during the time period.

so yeah, thoroughly mediocre."
">Respectfully, if not here, we were going to be handed a reality check at the World Cup anyways.

We will top the group in the T20 WC. I know this team & I trust the setup. Some good analysts rate India's chances really highly. We have issues, I agree on that but trust the team as a fan. That's the least you can do... RespectfullyðŸ™ƒ",0.9194,2024-07-28 13:20:19,Positive,">respectfully, if not here, we were going to be handed a reality check at the world cup anyways.

we will top the group in the t20 wc. i know this team & i trust the setup. some good analysts rate india's chances really highly. we have issues, i agree on that but trust the team as a fan. that's the least you can do... respectfullyðŸ™ƒ"
"Around 7,150 languages in the world and you chose to spit facts!!

Will never forgive the Aussies and the Kiwis for letting Harman score those centuries in world cups because that pretty much is why sheâ€™s even relevant in Indian cricket these days. To make matters worse Delhi Capitals chose a very wrong day to collapse which eventually meant MI win the maiden WPL and Harman is guaranteed captaincy until she retires.",-0.6112,2024-07-28 13:05:16,Negative,"around 7,150 languages in the world and you chose to spit facts!!

will never forgive the aussies and the kiwis for letting harman score those centuries in world cups because that pretty much is why sheâ€™s even relevant in indian cricket these days. to make matters worse delhi capitals chose a very wrong day to collapse which eventually meant mi win the maiden wpl and harman is guaranteed captaincy until she retires."
SO TRUE OMG,0.4754,2024-07-28 13:12:57,Positive,so true omg
I know but one can hope. Also she shouldâ€™ve been removed from captaincy right after her antics in Bangladesh last year but instead got away with a very easy punishment (not even sure if a two game ban vs Malaysia and Bangladesh is considered a punishment),0.121,2024-07-28 13:07:02,Positive,i know but one can hope. also she shouldâ€™ve been removed from captaincy right after her antics in bangladesh last year but instead got away with a very easy punishment (not even sure if a two game ban vs malaysia and bangladesh is considered a punishment)
Exactly. We'd been coasting till now and needed to be humbled. I really think the captaincy is due a change. Harmanpreet creates so much pressure on other players when things aren't going right. But they won't take such a risk right before the world cup. Something needs to change tho,0.2574,2024-07-28 12:59:46,Positive,exactly. we'd been coasting till now and needed to be humbled. i really think the captaincy is due a change. harmanpreet creates so much pressure on other players when things aren't going right. but they won't take such a risk right before the world cup. something needs to change tho
"For the sake of my sanity, I hope this prediction comes true. I will happily accept even a runners up finish at the World Cup.",0.8979,2024-07-28 13:23:02,Positive,"for the sake of my sanity, i hope this prediction comes true. i will happily accept even a runners up finish at the world cup."
"Yes playing on reputation - at least in T20s. You can't be taking 20 balls to settle every time. The game has gone past it. 

I guess this loss should question her leadership. It's 2 losses in 3 editions since she has taken over. 

But it will only happen if Coach/selectors take a stand. 

Other players including Smriti won't question her. In that context Diana Edulji was a really strong selector. Now in both mens and womens games in India the players are bigger than others.",0.668,2024-07-28 13:11:17,Positive,"yes playing on reputation - at least in t20s. you can't be taking 20 balls to settle every time. the game has gone past it. 

i guess this loss should question her leadership. it's 2 losses in 3 editions since she has taken over. 

but it will only happen if coach/selectors take a stand. 

other players including smriti won't question her. in that context diana edulji was a really strong selector. now in both mens and womens games in india the players are bigger than others."
"I think harmanpreet is a suitable captain for indian women team, considering other players are clueless in the captaincy aspect.Smriti is a good captain, but in wpl not at the international level.She lacks that pressure handling powers.Even in wpl2024 perry was handling the match in crunch situations and players herself admitted it  that in qualifier match perry was motivating them throughout the match.",0.5106,2024-07-28 13:06:00,Positive,"i think harmanpreet is a suitable captain for indian women team, considering other players are clueless in the captaincy aspect.smriti is a good captain, but in wpl not at the international level.she lacks that pressure handling powers.even in wpl2024 perry was handling the match in crunch situations and players herself admitted it  that in qualifier match perry was motivating them throughout the match."
Why runner-up? We will win it! ðŸ¤£ðŸ¤£,0.6239,2024-07-28 13:24:36,Positive,why runner-up? we will win it! ðŸ¤£ðŸ¤£
I think Harman is fine in one days and test. But we need to look into t20s tho. Maybe a new perspective would help. But yes I agree smriti is still a bit inexperienced to be handed full captaincy for now.,0.8945,2024-07-28 13:07:58,Positive,i think harman is fine in one days and test. but we need to look into t20s tho. maybe a new perspective would help. but yes i agree smriti is still a bit inexperienced to be handed full captaincy for now.
I really admire your optimism ðŸ¤­,0.7996,2024-07-28 17:31:11,Positive,i really admire your optimism ðŸ¤­
Australia with consecutive icc trophies from last 6 years says ðŸ‘‹ ðŸ‘‹,0.0,2024-07-28 18:35:51,Neutral,australia with consecutive icc trophies from last 6 years says ðŸ‘‹ ðŸ‘‹
Guess what?Indian women team till now hasn't groomed any other player as a potential Indian team captain.,0.0,2024-07-28 13:09:40,Neutral,guess what?indian women team till now hasn't groomed any other player as a potential indian team captain.
Deepti Sharma. Out of the box but she's really good tactically. Sneh rana but she's not a regular.,0.6474,2024-07-28 18:27:18,Positive,deepti sharma. out of the box but she's really good tactically. sneh rana but she's not a regular.
